[
    {
        "language": "French",
        "easy": [
            {
                "text": "bonjour",
                "translation_en": "hello",
                "translation_fr": "bonjour"
            },
            {
                "text": "merci",
                "translation_en": "thank you",
                "translation_fr": "merci"
            },
            {
                "text": "chat",
                "translation_en": "cat",
                "translation_fr": "chat"
            },
            {
                "text": "chien",
                "translation_en": "dog",
                "translation_fr": "chien"
            },
            {
                "text": "fleur",
                "translation_en": "flower",
                "translation_fr": "fleur"
            },
            {
                "text": "au revoir",
                "translation_en": "goodbye",
                "translation_fr": "au revoir"
            },
            {
                "text": "s'il vous plaît",
                "translation_en": "please",
                "translation_fr": "s'il vous plaît"
            },
            {
                "text": "oui",
                "translation_en": "yes",
                "translation_fr": "oui"
            },
            {
                "text": "non",
                "translation_en": "no",
                "translation_fr": "non"
            },
            {
                "text": "eau",
                "translation_en": "water",
                "translation_fr": "eau"
            }
        ],
        "normal": [
            {
                "text": "bonne journée",
                "translation_en": "good day",
                "translation_fr": "bonne journée"
            },
            {
                "text": "à demain",
                "translation_en": "see you tomorrow",
                "translation_fr": "à demain"
            },
            {
                "text": "petit déjeuner",
                "translation_en": "breakfast",
                "translation_fr": "petit déjeuner"
            },
            {
                "text": "comment ça va",
                "translation_en": "how are you",
                "translation_fr": "comment ça va"
            },
            {
                "text": "très bien merci",
                "translation_en": "very good thank you",
                "translation_fr": "très bien merci"
            },
            {
                "text": "excusez-moi",
                "translation_en": "excuse me",
                "translation_fr": "excusez-moi"
            },
            {
                "text": "je ne comprends pas",
                "translation_en": "I don't understand",
                "translation_fr": "je ne comprends pas"
            },
            {
                "text": "parlez-vous anglais",
                "translation_en": "do you speak English",
                "translation_fr": "parlez-vous anglais"
            },
            {
                "text": "je suis désolé",
                "translation_en": "I am sorry",
                "translation_fr": "je suis désolé"
            },
            {
                "text": "combien ça coûte",
                "translation_en": "how much does it cost",
                "translation_fr": "combien ça coûte"
            }
        ],
        "hard": [
            {
                "text": "il fait beau aujourd'hui",
                "translation_en": "it's nice weather today",
                "translation_fr": "il fait beau aujourd'hui"
            },
            {
                "text": "je voudrais réserver une table",
                "translation_en": "I would like to book a table",
                "translation_fr": "je voudrais réserver une table"
            },
            {
                "text": "c'est une belle journée pour marcher",
                "translation_en": "it's a beautiful day to walk",
                "translation_fr": "c'est une belle journée pour marcher"
            },
            {
                "text": "je cherche un bon restaurant français",
                "translation_en": "I'm looking for a good French restaurant",
                "translation_fr": "je cherche un bon restaurant français"
            },
            {
                "text": "pouvons-nous avoir l'addition s'il vous plaît",
                "translation_en": "can we have the bill please",
                "translation_fr": "pouvons-nous avoir l'addition s'il vous plaît"
            },
            {
                "text": "pourriez-vous me recommander un bon vin",
                "translation_en": "could you recommend a good wine",
                "translation_fr": "pourriez-vous me recommander un bon vin"
            },
            {
                "text": "je suis allergique aux fruits de mer",
                "translation_en": "I am allergic to seafood",
                "translation_fr": "je suis allergique aux fruits de mer"
            },
            {
                "text": "je me suis perdu, pouvez-vous m'aider",
                "translation_en": "I am lost, can you help me",
                "translation_fr": "je me suis perdu, pouvez-vous m'aider"
            },
            {
                "text": "quelle est la spécialité locale",
                "translation_en": "what is the local specialty",
                "translation_fr": "quelle est la spécialité locale"
            },
            {
                "text": "je dois prendre un rendez-vous médical",
                "translation_en": "I need to make a medical appointment",
                "translation_fr": "je dois prendre un rendez-vous médical"
            }
        ]
    },
    {
        "language": "Spanish",
        "easy": [
            {
                "text": "hola",
                "translation_en": "hello",
                "translation_fr": "bonjour"
            },
            {
                "text": "gracias",
                "translation_en": "thank you",
                "translation_fr": "merci"
            },
            {
                "text": "gato",
                "translation_en": "cat",
                "translation_fr": "chat"
            },
            {
                "text": "perro",
                "translation_en": "dog",
                "translation_fr": "chien"
            },
            {
                "text": "flor",
                "translation_en": "flower",
                "translation_fr": "fleur"
            },
            {
                "text": "adiós",
                "translation_en": "goodbye",
                "translation_fr": "au revoir"
            },
            {
                "text": "por favor",
                "translation_en": "please",
                "translation_fr": "s'il vous plaît"
            },
            {
                "text": "sí",
                "translation_en": "yes",
                "translation_fr": "oui"
            },
            {
                "text": "no",
                "translation_en": "no",
                "translation_fr": "non"
            },
            {
                "text": "agua",
                "translation_en": "water",
                "translation_fr": "eau"
            }
        ],
        "normal": [
            {
                "text": "buen día",
                "translation_en": "good day",
                "translation_fr": "bonne journée"
            },
            {
                "text": "hasta mañana",
                "translation_en": "see you tomorrow",
                "translation_fr": "à demain"
            },
            {
                "text": "desayuno",
                "translation_en": "breakfast",
                "translation_fr": "petit déjeuner"
            },
            {
                "text": "cómo estás",
                "translation_en": "how are you",
                "translation_fr": "comment ça va"
            },
            {
                "text": "muy bien gracias",
                "translation_en": "very good thank you",
                "translation_fr": "très bien merci"
            },
            {
                "text": "disculpe",
                "translation_en": "excuse me",
                "translation_fr": "excusez-moi"
            },
            {
                "text": "no entiendo",
                "translation_en": "I don't understand",
                "translation_fr": "je ne comprends pas"
            },
            {
                "text": "hablas inglés",
                "translation_en": "do you speak English",
                "translation_fr": "parlez-vous anglais"
            },
            {
                "text": "lo siento",
                "translation_en": "I am sorry",
                "translation_fr": "je suis désolé"
            },
            {
                "text": "cuánto cuesta",
                "translation_en": "how much does it cost",
                "translation_fr": "combien ça coûte"
            }
        ],
        "hard": [
            {
                "text": "hace buen tiempo hoy",
                "translation_en": "it's nice weather today",
                "translation_fr": "il fait beau aujourd'hui"
            },
            {
                "text": "quiero reservar una mesa",
                "translation_en": "I would like to book a table",
                "translation_fr": "je voudrais réserver une table"
            },
            {
                "text": "es un buen día para caminar",
                "translation_en": "it's a beautiful day to walk",
                "translation_fr": "c'est une belle journée pour marcher"
            },
            {
                "text": "busco un buen restaurante español",
                "translation_en": "I'm looking for a good Spanish restaurant",
                "translation_fr": "je cherche un bon restaurant espagnol"
            },
            {
                "text": "¿podemos tener la cuenta por favor?",
                "translation_en": "can we have the bill please",
                "translation_fr": "pouvons-nous avoir l'addition s'il vous plaît"
            },
            {
                "text": "¿podría recomendarme un buen vino?",
                "translation_en": "could you recommend a good wine",
                "translation_fr": "pourriez-vous me recommander un bon vin"
            },
            {
                "text": "soy alérgico a los mariscos",
                "translation_en": "I am allergic to seafood",
                "translation_fr": "je suis allergique aux fruits de mer"
            },
            {
                "text": "me he perdido, ¿puede ayudarme?",
                "translation_en": "I am lost, can you help me",
                "translation_fr": "je me suis perdu, pouvez-vous m'aider"
            },
            {
                "text": "¿cuál es la especialidad local?",
                "translation_en": "what is the local specialty",
                "translation_fr": "quelle est la spécialité locale"
            },
            {
                "text": "necesito pedir una cita médica",
                "translation_en": "I need to make a medical appointment",
                "translation_fr": "je dois prendre un rendez-vous médical"
            }
        ]
    },
    {
        "language": "German",
        "easy": [
            {
                "text": "hallo",
                "translation_en": "hello",
                "translation_fr": "bonjour"
            },
            {
                "text": "danke",
                "translation_en": "thank you",
                "translation_fr": "merci"
            },
            {
                "text": "katze",
                "translation_en": "cat",
                "translation_fr": "chat"
            },
            {
                "text": "hund",
                "translation_en": "dog",
                "translation_fr": "chien"
            },
            {
                "text": "blume",
                "translation_en": "flower",
                "translation_fr": "fleur"
            },
            {
                "text": "auf wiedersehen",
                "translation_en": "goodbye",
                "translation_fr": "au revoir"
            },
            {
                "text": "bitte",
                "translation_en": "please",
                "translation_fr": "s'il vous plaît"
            },
            {
                "text": "ja",
                "translation_en": "yes",
                "translation_fr": "oui"
            },
            {
                "text": "nein",
                "translation_en": "no",
                "translation_fr": "non"
            },
            {
                "text": "wasser",
                "translation_en": "water",
                "translation_fr": "eau"
            }
        ],
        "normal": [
            {
                "text": "guten tag",
                "translation_en": "good day",
                "translation_fr": "bonne journée"
            },
            {
                "text": "bis morgen",
                "translation_en": "see you tomorrow",
                "translation_fr": "à demain"
            },
            {
                "text": "frühstück",
                "translation_en": "breakfast",
                "translation_fr": "petit déjeuner"
            },
            {
                "text": "wie geht's",
                "translation_en": "how are you",
                "translation_fr": "comment ça va"
            },
            {
                "text": "sehr gut danke",
                "translation_en": "very good thank you",
                "translation_fr": "très bien merci"
            },
            {
                "text": "entschuldigung",
                "translation_en": "excuse me",
                "translation_fr": "excusez-moi"
            },
            {
                "text": "ich verstehe nicht",
                "translation_en": "I don't understand",
                "translation_fr": "je ne comprends pas"
            },
            {
                "text": "sprechen sie englisch",
                "translation_en": "do you speak English",
                "translation_fr": "parlez-vous anglais"
            },
            {
                "text": "es tut mir leid",
                "translation_en": "I am sorry",
                "translation_fr": "je suis désolé"
            },
            {
                "text": "wie viel kostet das",
                "translation_en": "how much does it cost",
                "translation_fr": "combien ça coûte"
            }
        ],
        "hard": [
            {
                "text": "heute ist schönes wetter",
                "translation_en": "it's nice weather today",
                "translation_fr": "il fait beau aujourd'hui"
            },
            {
                "text": "ich möchte einen tisch reservieren",
                "translation_en": "I would like to book a table",
                "translation_fr": "je voudrais réserver une table"
            },
            {
                "text": "es ist ein schöner tag zum spazierengehen",
                "translation_en": "it's a beautiful day to walk",
                "translation_fr": "c'est une belle journée pour marcher"
            },
            {
                "text": "ich suche ein gutes deutsches restaurant",
                "translation_en": "I'm looking for a good German restaurant",
                "translation_fr": "je cherche un bon restaurant allemand"
            },
            {
                "text": "können wir bitte die rechnung bekommen",
                "translation_en": "can we have the bill please",
                "translation_fr": "pouvons-nous avoir l'addition s'il vous plaît"
            },
            {
                "text": "könnten sie mir einen guten wein empfehlen",
                "translation_en": "could you recommend a good wine",
                "translation_fr": "pourriez-vous me recommander un bon vin"
            },
            {
                "text": "ich bin allergisch gegen meeresfrüchte",
                "translation_en": "I am allergic to seafood",
                "translation_fr": "je suis allergique aux fruits de mer"
            },
            {
                "text": "ich habe mich verirrt, können sie mir helfen",
                "translation_en": "I am lost, can you help me",
                "translation_fr": "je me suis perdu, pouvez-vous m'aider"
            },
            {
                "text": "was ist die lokale spezialität",
                "translation_en": "what is the local specialty",
                "translation_fr": "quelle est la spécialité locale"
            },
            {
                "text": "ich muss einen arzttermin vereinbaren",
                "translation_en": "I need to make a medical appointment",
                "translation_fr": "je dois prendre un rendez-vous médical"
            }
        ]
    },
    {
        "language": "Italian",
        "easy": [
            {
                "text": "ciao",
                "translation_en": "hello",
                "translation_fr": "bonjour"
            },
            {
                "text": "grazie",
                "translation_en": "thank you",
                "translation_fr": "merci"
            },
            {
                "text": "gatto",
                "translation_en": "cat",
                "translation_fr": "chat"
            },
            {
                "text": "cane",
                "translation_en": "dog",
                "translation_fr": "chien"
            },
            {
                "text": "fiore",
                "translation_en": "flower",
                "translation_fr": "fleur"
            },
            {
                "text": "arrivederci",
                "translation_en": "goodbye",
                "translation_fr": "au revoir"
            },
            {
                "text": "per favore",
                "translation_en": "please",
                "translation_fr": "s'il vous plaît"
            },
            {
                "text": "sì",
                "translation_en": "yes",
                "translation_fr": "oui"
            },
            {
                "text": "no",
                "translation_en": "no",
                "translation_fr": "non"
            },
            {
                "text": "acqua",
                "translation_en": "water",
                "translation_fr": "eau"
            }
        ],
        "normal": [
            {
                "text": "buona giornata",
                "translation_en": "good day",
                "translation_fr": "bonne journée"
            },
            {
                "text": "a domani",
                "translation_en": "see you tomorrow",
                "translation_fr": "à demain"
            },
            {
                "text": "colazione",
                "translation_en": "breakfast",
                "translation_fr": "petit déjeuner"
            },
            {
                "text": "come stai",
                "translation_en": "how are you",
                "translation_fr": "comment ça va"
            },
            {
                "text": "molto bene grazie",
                "translation_en": "very good thank you",
                "translation_fr": "très bien merci"
            },
            {
                "text": "scusi",
                "translation_en": "excuse me",
                "translation_fr": "excusez-moi"
            },
            {
                "text": "non capisco",
                "translation_en": "I don't understand",
                "translation_fr": "je ne comprends pas"
            },
            {
                "text": "parla inglese",
                "translation_en": "do you speak English",
                "translation_fr": "parlez-vous anglais"
            },
            {
                "text": "mi dispiace",
                "translation_en": "I am sorry",
                "translation_fr": "je suis désolé"
            },
            {
                "text": "quanto costa",
                "translation_en": "how much does it cost",
                "translation_fr": "combien ça coûte"
            }
        ],
        "hard": [
            {
                "text": "fa bel tempo oggi",
                "translation_en": "it's nice weather today",
                "translation_fr": "il fait beau aujourd'hui"
            },
            {
                "text": "vorrei prenotare un tavolo",
                "translation_en": "I would like to book a table",
                "translation_fr": "je voudrais réserver une table"
            },
            {
                "text": "è una bella giornata per camminare",
                "translation_en": "it's a beautiful day to walk",
                "translation_fr": "c'est une belle journée pour marcher"
            },
            {
                "text": "sto cercando un buon ristorante italiano",
                "translation_en": "I'm looking for a good Italian restaurant",
                "translation_fr": "je cherche un bon restaurant italien"
            },
            {
                "text": "possiamo avere il conto per favore",
                "translation_en": "can we have the bill please",
                "translation_fr": "pouvons-nous avoir l'addition s'il vous plaît"
            },
            {
                "text": "potrebbe consigliarmi un buon vino",
                "translation_en": "could you recommend a good wine",
                "translation_fr": "pourriez-vous me recommander un bon vin"
            },
            {
                "text": "sono allergico ai frutti di mare",
                "translation_en": "I am allergic to seafood",
                "translation_fr": "je suis allergique aux fruits de mer"
            },
            {
                "text": "mi sono perso, può aiutarmi",
                "translation_en": "I am lost, can you help me",
                "translation_fr": "je me suis perdu, pouvez-vous m'aider"
            },
            {
                "text": "qual è la specialità locale",
                "translation_en": "what is the local specialty",
                "translation_fr": "quelle est la spécialité locale"
            },
            {
                "text": "devo prendere un appuntamento medico",
                "translation_en": "I need to make a medical appointment",
                "translation_fr": "je dois prendre un rendez-vous médical"
            }
        ]
    },
    {
        "language": "Portuguese",
        "easy": [
            {
                "text": "olá",
                "translation_en": "hello",
                "translation_fr": "bonjour"
            },
            {
                "text": "obrigado",
                "translation_en": "thank you",
                "translation_fr": "merci"
            },
            {
                "text": "gato",
                "translation_en": "cat",
                "translation_fr": "chat"
            },
            {
                "text": "cachorro",
                "translation_en": "dog",
                "translation_fr": "chien"
            },
            {
                "text": "flor",
                "translation_en": "flower",
                "translation_fr": "fleur"
            },
            {
                "text": "adeus",
                "translation_en": "goodbye",
                "translation_fr": "au revoir"
            },
            {
                "text": "por favor",
                "translation_en": "please",
                "translation_fr": "s'il vous plaît"
            },
            {
                "text": "sim",
                "translation_en": "yes",
                "translation_fr": "oui"
            },
            {
                "text": "não",
                "translation_en": "no",
                "translation_fr": "non"
            },
            {
                "text": "água",
                "translation_en": "water",
                "translation_fr": "eau"
            }
        ],
        "normal": [
            {
                "text": "bom dia",
                "translation_en": "good day",
                "translation_fr": "bonne journée"
            },
            {
                "text": "até amanhã",
                "translation_en": "see you tomorrow",
                "translation_fr": "à demain"
            },
            {
                "text": "café da manhã",
                "translation_en": "breakfast",
                "translation_fr": "petit déjeuner"
            },
            {
                "text": "como vai",
                "translation_en": "how are you",
                "translation_fr": "comment ça va"
            },
            {
                "text": "muito bem obrigado",
                "translation_en": "very good thank you",
                "translation_fr": "très bien merci"
            },
            {
                "text": "com licença",
                "translation_en": "excuse me",
                "translation_fr": "excusez-moi"
            },
            {
                "text": "não entendo",
                "translation_en": "I don't understand",
                "translation_fr": "je ne comprends pas"
            },
            {
                "text": "fala inglês",
                "translation_en": "do you speak English",
                "translation_fr": "parlez-vous anglais"
            },
            {
                "text": "desculpe",
                "translation_en": "I am sorry",
                "translation_fr": "je suis désolé"
            },
            {
                "text": "quanto custa",
                "translation_en": "how much does it cost",
                "translation_fr": "combien ça coûte"
            }
        ],
        "hard": [
            {
                "text": "o tempo está bom hoje",
                "translation_en": "it's nice weather today",
                "translation_fr": "il fait beau aujourd'hui"
            },
            {
                "text": "gostaria de reservar uma mesa",
                "translation_en": "I would like to book a table",
                "translation_fr": "je voudrais réserver une table"
            },
            {
                "text": "é um bom dia para caminhar",
                "translation_en": "it's a beautiful day to walk",
                "translation_fr": "c'est une belle journée pour marcher"
            },
            {
                "text": "procuro um bom restaurante português",
                "translation_en": "I'm looking for a good Portuguese restaurant",
                "translation_fr": "je cherche un bon restaurant portugais"
            },
            {
                "text": "podemos pegar a conta por favor",
                "translation_en": "can we have the bill please",
                "translation_fr": "pouvons-nous avoir l'addition s'il vous plaît"
            },
            {
                "text": "poderia recomendar um bom vinho",
                "translation_en": "could you recommend a good wine",
                "translation_fr": "pourriez-vous me recommander un bon vin"
            },
            {
                "text": "sou alérgico a frutos do mar",
                "translation_en": "I am allergic to seafood",
                "translation_fr": "je suis allergique aux fruits de mer"
            },
            {
                "text": "estou perdido, pode me ajudar",
                "translation_en": "I am lost, can you help me",
                "translation_fr": "je me suis perdu, pouvez-vous m'aider"
            },
            {
                "text": "qual é a especialidade local",
                "translation_en": "what is the local specialty",
                "translation_fr": "quelle est la spécialité locale"
            },
            {
                "text": "preciso marcar uma consulta médica",
                "translation_en": "I need to make a medical appointment",
                "translation_fr": "je dois prendre un rendez-vous médical"
            }
        ]
    },
    {
        "language": "Russian",
        "easy": [
            {
                "text": "привет",
                "translation_en": "hello",
                "translation_fr": "bonjour"
            },
            {
                "text": "спасибо",
                "translation_en": "thank you",
                "translation_fr": "merci"
            },
            {
                "text": "кошка",
                "translation_en": "cat",
                "translation_fr": "chat"
            },
            {
                "text": "собака",
                "translation_en": "dog",
                "translation_fr": "chien"
            },
            {
                "text": "цветок",
                "translation_en": "flower",
                "translation_fr": "fleur"
            },
            {
                "text": "до свидания",
                "translation_en": "goodbye",
                "translation_fr": "au revoir"
            },
            {
                "text": "пожалуйста",
                "translation_en": "please",
                "translation_fr": "s'il vous plaît"
            },
            {
                "text": "да",
                "translation_en": "yes",
                "translation_fr": "oui"
            },
            {
                "text": "нет",
                "translation_en": "no",
                "translation_fr": "non"
            },
            {
                "text": "вода",
                "translation_en": "water",
                "translation_fr": "eau"
            }
        ],
        "normal": [
            {
                "text": "добрый день",
                "translation_en": "good day",
                "translation_fr": "bonne journée"
            },
            {
                "text": "до завтра",
                "translation_en": "see you tomorrow",
                "translation_fr": "à demain"
            },
            {
                "text": "завтрак",
                "translation_en": "breakfast",
                "translation_fr": "petit déjeuner"
            },
            {
                "text": "как дела",
                "translation_en": "how are you",
                "translation_fr": "comment ça va"
            },
            {
                "text": "очень хорошо спасибо",
                "translation_en": "very good thank you",
                "translation_fr": "très bien merci"
            },
            {
                "text": "извините",
                "translation_en": "excuse me",
                "translation_fr": "excusez-moi"
            },
            {
                "text": "я не понимаю",
                "translation_en": "I don't understand",
                "translation_fr": "je ne comprends pas"
            },
            {
                "text": "вы говорите по-английски",
                "translation_en": "do you speak English",
                "translation_fr": "parlez-vous anglais"
            },
            {
                "text": "мне жаль",
                "translation_en": "I am sorry",
                "translation_fr": "je suis désolé"
            },
            {
                "text": "сколько это стоит",
                "translation_en": "how much does it cost",
                "translation_fr": "combien ça coûte"
            }
        ],
        "hard": [
            {
                "text": "сегодня хорошая погода",
                "translation_en": "it's nice weather today",
                "translation_fr": "il fait beau aujourd'hui"
            },
            {
                "text": "я хотел бы забронировать столик",
                "translation_en": "I would like to book a table",
                "translation_fr": "je voudrais réserver une table"
            },
            {
                "text": "сегодня прекрасный день для прогулки",
                "translation_en": "it's a beautiful day to walk",
                "translation_fr": "c'est une belle journée pour marcher"
            },
            {
                "text": "я